{
    "labels":["Precision","Recall","F1","Accuracy","HL"],
    "Title":[88.65546218487394,49.414519906323186,63.45864661654136,47.75,0.1215],
    "Body":[82.16374269005848,65.807962529274,73.08192457737321,58.25,0.1035],
    "TitleBody":[95.62043795620438,92.03747072599532,93.79474940334129,88.75,0.026]
}
